<?xml version="1.0" encoding="UTF-8"?>
<build-type xmlns:xsi="http://www.w3.org/2001/XMLSchema-instance" uuid="5c2a2ac0-c558-41e2-8533-1771274a9119" xsi:noNamespaceSchemaLocation="http://www.jetbrains.com/teamcity/schemas/10.0/project-config.xsd">
  <name>Build and package #dev</name>
  <description />
  <settings>
    <options>
      <option name="buildNumberPattern" value="1.0.%build.counter%" />
    </options>
    <parameters>
      <param name="env.EnableNuGetPackageRestore" value="true" />
    </parameters>
    <build-runners>
      <runner id="RUNNER_2" name="Restore NuGet packages" type="jb.nuget.installer">
        <parameters>
          <param name="nuget.noCache" value="true" />
          <param name="nuget.path" value="%teamcity.tool.NuGet.CommandLine.DEFAULT%" />
          <param name="nuget.updatePackages.mode" value="sln" />
          <param name="nuget.use.restore" value="restore" />
          <param name="sln.path" value="Heddoko/Heddoko.sln" />
          <param name="teamcity.step.mode" value="default" />
          <param name="toolPathSelector" value="%teamcity.tool.NuGet.CommandLine.DEFAULT%" />
        </parameters>
      </runner>
      <runner id="RUNNER_1" name="Build &amp; Create Nuget" type="MSBuild">
        <parameters>
          <param name="build-file-path" value="Heddoko/Heddoko.sln" />
          <param name="dotNetCoverage.NCover.HTMLReport.File.Sort" value="0" />
          <param name="dotNetCoverage.NCover.HTMLReport.File.Type" value="1" />
          <param name="dotNetCoverage.NCover.Reg" value="selected" />
          <param name="dotNetCoverage.NCover.platformBitness" value="x86" />
          <param name="dotNetCoverage.NCover.platformVersion" value="v2.0" />
          <param name="dotNetCoverage.NCover3.Reg" value="selected" />
          <param name="dotNetCoverage.NCover3.args" value="//ias .*" />
          <param name="dotNetCoverage.NCover3.platformBitness" value="x86" />
          <param name="dotNetCoverage.NCover3.platformVersion" value="v2.0" />
          <param name="dotNetCoverage.NCover3.reporter.executable.args" value="//or FullCoverageReport:Html:{teamcity.report.path}" />
          <param name="dotNetCoverage.PartCover.Reg" value="selected" />
          <param name="dotNetCoverage.PartCover.includes" value="[*]*" />
          <param name="dotNetCoverage.PartCover.platformBitness" value="x86" />
          <param name="dotNetCoverage.PartCover.platformVersion" value="v2.0" />
          <param name="msbuild_version" value="14.0" />
          <param name="octopus_octopack_package_version" value="%build.number%" />
          <param name="octopus_run_octopack" value="true" />
          <param name="run-platform" value="x86" />
          <param name="runnerArgs" value="/p:Configuration=dev" />
          <param name="teamcity.step.mode" value="default" />
          <param name="toolsVersion" value="14.0" />
        </parameters>
      </runner>
    </build-runners>
    <vcs-settings>
      <vcs-entry-ref root-id="HeddokoLocal_HttpsGitlabWebinerdsComHeddokoBackendGit" />
    </vcs-settings>
    <requirements />
    <build-triggers>
      <build-trigger id="TRIGGER_2" type="schedulingTrigger">
        <parameters>
          <param name="branchFilter" value="+:*" />
          <param name="cronExpression_dm" value="*" />
          <param name="cronExpression_dw" value="?" />
          <param name="cronExpression_hour" value="*" />
          <param name="cronExpression_min" value="0" />
          <param name="cronExpression_month" value="*" />
          <param name="cronExpression_sec" value="0" />
          <param name="cronExpression_year" value="*" />
          <param name="dayOfWeek" value="Sunday" />
          <param name="hour" value="18" />
          <param name="minute" value="0" />
          <param name="promoteWatchedBuild" value="true" />
          <param name="revisionRule" value="lastFinished" />
          <param name="revisionRuleBuildBranch" value="&lt;default&gt;" />
          <param name="schedulingPolicy" value="daily" />
          <param name="timezone" value="America/New_York" />
          <param name="triggerBuildWithPendingChangesOnly" value="true" />
        </parameters>
      </build-trigger>
    </build-triggers>
    <cleanup />
  </settings>
</build-type>

