<?xml version="1.0" encoding="UTF-8"?>
<build-type xmlns:xsi="http://www.w3.org/2001/XMLSchema-instance" uuid="f1d03821-4c0b-4113-b665-8a9c25200420" xsi:noNamespaceSchemaLocation="http://www.jetbrains.com/teamcity/schemas/10.0/project-config.xsd">
  <name>Deploy to dev</name>
  <description />
  <settings ref="HeddokoBackend_DeployToOctopus">
    <parameters>
      <param name="BranchForDeploy" value="dev" />
      <param name="EnvironmentForDeploy" value="dev" />
      <param name="PackagesFolder" value="NuGetPackages.Dev" />
    </parameters>
    <build-runners order="RUNNER_6" />
    <vcs-settings />
    <requirements />
    <build-triggers />
    <cleanup />
  </settings>
</build-type>

