<?xml version="1.0" encoding="UTF-8"?>
<template xmlns:xsi="http://www.w3.org/2001/XMLSchema-instance" uuid="70ce8781-e3e0-4791-b36d-c604dc322d16" xsi:noNamespaceSchemaLocation="http://www.jetbrains.com/teamcity/schemas/10.0/project-config.xsd">
  <name>Deploy to Octopus</name>
  <settings>
    <options>
      <option name="buildNumberPattern" value="%dep.HeddokoBackend_BuildAndPackage.build.number%" />
    </options>
    <parameters>
      <param name="BranchForDeploy" value="" />
    </parameters>
    <build-runners>
      <runner id="RUNNER_6" name="" type="octopus.create.release">
        <parameters>
          <param name="octopus_additionalcommandlinearguments" value="--packagesFolder=%PackagesFolder%" />
          <param name="octopus_deployto" value="%EnvironmentForDeploy%" />
          <param name="octopus_host" value="http://localhost:8181" />
          <param name="octopus_project_name" value="Heddoko" />
          <param name="octopus_releasenumber" value="%build.number%" />
          <param name="octopus_version" value="3.0+" />
          <param name="octopus_waitfordeployments" value="true" />
          <param name="secure:octopus_apikey" value="zxxfd3a4be6712fdba8475f7f86715103ce2758f7852979f3259cd37635622bff5b" />
          <param name="teamcity.step.mode" value="default" />
        </parameters>
      </runner>
    </build-runners>
    <vcs-settings />
    <requirements />
    <build-triggers>
      <build-trigger id="TRIGGER_3" type="buildDependencyTrigger">
        <parameters>
          <param name="afterSuccessfulBuildOnly" value="true" />
          <param name="branchFilter" value="+:%BranchForDeploy%" />
          <param name="dependsOn" value="HeddokoBackend_BuildAndPackage" />
        </parameters>
      </build-trigger>
    </build-triggers>
    <artifact-dependencies>
      <dependency id="ARTIFACT_DEPENDENCY_2" sourceBuildTypeId="HeddokoBackend_BuildAndPackage" cleanDestination="false">
        <revisionRule name="sameChainOrLastFinished" revision="latest.sameChainOrLastFinished" />
        <artifact sourcePath="* =&gt; %PackagesFolder%" />
      </dependency>
    </artifact-dependencies>
    <dependencies>
      <depend-on sourceBuildTypeId="HeddokoBackend_BuildAndPackage">
        <options>
          <option name="run-build-if-dependency-failed" value="RUN_ADD_PROBLEM" />
          <option name="take-started-build-with-same-revisions" value="true" />
          <option name="take-successful-builds-only" value="true" />
        </options>
      </depend-on>
    </dependencies>
    <cleanup />
  </settings>
</template>

