<?xml version="1.0" encoding="UTF-8"?>
<build-type xmlns:xsi="http://www.w3.org/2001/XMLSchema-instance" uuid="89a2f64b-4df6-4cbe-b8c0-a3e016fd28cf" xsi:noNamespaceSchemaLocation="http://www.jetbrains.com/teamcity/schemas/10.0/project-config.xsd">
  <name>Deploy to prod</name>
  <description />
  <settings>
    <options>
      <option name="buildNumberPattern" value="%dep.HeddokoRelease_AutoBuildDev.build.number%" />
    </options>
    <parameters />
    <build-runners>
      <runner id="RUNNER_3" name="" type="octopus.create.release">
        <parameters>
          <param name="octopus_additionalcommandlinearguments" value="--packagesFolder=Temp" />
          <param name="octopus_deployto" value="prod" />
          <param name="octopus_host" value="http://localhost:555" />
          <param name="octopus_project_name" value="Heddoko" />
          <param name="octopus_releasenumber" value="%build.number%" />
          <param name="octopus_version" value="3.0+" />
          <param name="octopus_waitfordeployments" value="true" />
          <param name="secure:octopus_apikey" value="zxx197858d65fb6d64cf998f1ae3f9b3e4cf3591580836fbef2e574427f7223e8e4" />
          <param name="teamcity.step.mode" value="default" />
        </parameters>
      </runner>
    </build-runners>
    <vcs-settings />
    <requirements />
    <build-triggers>
      <build-trigger id="TRIGGER_1" type="buildDependencyTrigger">
        <parameters>
          <param name="afterSuccessfulBuildOnly" value="true" />
          <param name="dependsOn" value="HeddokoRelease_AutoBuildDev" />
        </parameters>
      </build-trigger>
    </build-triggers>
    <artifact-dependencies>
      <dependency id="ARTIFACT_DEPENDENCY_1" sourceBuildTypeId="HeddokoRelease_AutoBuildDev" cleanDestination="true">
        <revisionRule name="sameChainOrLastFinished" revision="latest.sameChainOrLastFinished" />
        <artifact sourcePath="* =&gt; Temp" />
      </dependency>
    </artifact-dependencies>
    <dependencies>
      <depend-on sourceBuildTypeId="HeddokoRelease_AutoBuildDev">
        <options>
          <option name="run-build-if-dependency-failed" value="RUN_ADD_PROBLEM" />
          <option name="take-started-build-with-same-revisions" value="true" />
          <option name="take-successful-builds-only" value="true" />
        </options>
      </depend-on>
    </dependencies>
    <cleanup />
  </settings>
</build-type>

