<?xml version="1.0" encoding="UTF-8"?>
<build-type xmlns:xsi="http://www.w3.org/2001/XMLSchema-instance" uuid="5c2a2ac0-c558-41e2-8533-1771274a9119" xsi:noNamespaceSchemaLocation="http://www.jetbrains.com/teamcity/schemas/10.0/project-config.xsd">
  <name>Build and package</name>
  <description />
  <settings>
    <parameters>
      <param name="MainAssemblyInfoFilePath" value="Heddoko\Heddoko\Properties\AssemblyInfo.cs" />
      <param name="ReleaseBranchName" value="release" />
      <param name="configuration" value="dev" />
      <param name="env.EnableNuGetPackageRestore" value="true" />
    </parameters>
    <build-runners>
      <runner id="RUNNER_7" name="" type="SetAssemplyFileVersionAsTheBuildNumber">
        <parameters>
          <param name="MainAssemblyInfoFilePath" value="%MainAssemblyInfoFilePath%" />
          <param name="ReleaseBranchName" value="%ReleaseBranchName%" />
          <param name="teamcity.step.mode" value="default" />
        </parameters>
      </runner>
      <runner id="RUNNER_5" name="Set build configuration depending on branch" type="jetbrains_powershell">
        <parameters>
          <param name="jetbrains_powershell_bitness" value="x86" />
          <param name="jetbrains_powershell_execution" value="PS1" />
          <param name="jetbrains_powershell_script_code"><![CDATA[$branch = "%teamcity.build.branch%"

if ($Branch -eq "%ReleaseBranchName%") {
   Write-Host "##teamcity[setParameter name='configuration' value='prod']"
}
else {
   Write-Host "##teamcity[setParameter name='configuration' value='dev']"
}]]></param>
          <param name="jetbrains_powershell_script_mode" value="CODE" />
          <param name="teamcity.step.mode" value="default" />
        </parameters>
      </runner>
      <runner id="RUNNER_2" name="Restore NuGet packages" type="jb.nuget.installer">
        <parameters>
          <param name="nuget.noCache" value="true" />
          <param name="nuget.path" value="%teamcity.tool.NuGet.CommandLine.DEFAULT%" />
          <param name="nuget.updatePackages.mode" value="sln" />
          <param name="nuget.use.restore" value="restore" />
          <param name="sln.path" value="Heddoko/Heddoko.sln" />
          <param name="teamcity.step.mode" value="default" />
          <param name="toolPathSelector" value="%teamcity.tool.NuGet.CommandLine.DEFAULT%" />
        </parameters>
      </runner>
      <runner id="RUNNER_1" name="Build &amp; Create Nuget" type="MSBuild">
        <parameters>
          <param name="build-file-path" value="Heddoko/Heddoko.sln" />
          <param name="dotNetCoverage.NCover.HTMLReport.File.Sort" value="0" />
          <param name="dotNetCoverage.NCover.HTMLReport.File.Type" value="1" />
          <param name="dotNetCoverage.NCover.Reg" value="selected" />
          <param name="dotNetCoverage.NCover.platformBitness" value="x86" />
          <param name="dotNetCoverage.NCover.platformVersion" value="v2.0" />
          <param name="dotNetCoverage.NCover3.Reg" value="selected" />
          <param name="dotNetCoverage.NCover3.args" value="//ias .*" />
          <param name="dotNetCoverage.NCover3.platformBitness" value="x86" />
          <param name="dotNetCoverage.NCover3.platformVersion" value="v2.0" />
          <param name="dotNetCoverage.NCover3.reporter.executable.args" value="//or FullCoverageReport:Html:{teamcity.report.path}" />
          <param name="dotNetCoverage.PartCover.Reg" value="selected" />
          <param name="dotNetCoverage.PartCover.includes" value="[*]*" />
          <param name="dotNetCoverage.PartCover.platformBitness" value="x86" />
          <param name="dotNetCoverage.PartCover.platformVersion" value="v2.0" />
          <param name="msbuild_version" value="14.0" />
          <param name="octopus_octopack_package_version" value="%build.number%" />
          <param name="octopus_run_octopack" value="true" />
          <param name="run-platform" value="x86" />
          <param name="runnerArgs" value="/p:Configuration=%configuration% /p:Platform=x64 /p:OctoPackEnforceAddingFiles=true" />
          <param name="teamcity.step.mode" value="default" />
          <param name="toolsVersion" value="14.0" />
        </parameters>
      </runner>
    </build-runners>
    <vcs-settings>
      <vcs-entry-ref root-id="HeddokoBackend_HeddokoBackendDevRelease" />
    </vcs-settings>
    <requirements />
    <build-triggers>
      <build-trigger id="TRIGGER_2" type="schedulingTrigger">
        <parameters>
          <param name="branchFilter" value="+:dev" />
          <param name="cronExpression_dm" value="*" />
          <param name="cronExpression_dw" value="?" />
          <param name="cronExpression_hour" value="*" />
          <param name="cronExpression_min" value="0" />
          <param name="cronExpression_month" value="*" />
          <param name="cronExpression_sec" value="0" />
          <param name="cronExpression_year" value="*" />
          <param name="dayOfWeek" value="Sunday" />
          <param name="hour" value="18" />
          <param name="minute" value="0" />
          <param name="promoteWatchedBuild" value="true" />
          <param name="revisionRule" value="lastFinished" />
          <param name="revisionRuleBuildBranch" value="&lt;default&gt;" />
          <param name="schedulingPolicy" value="daily" />
          <param name="timezone" value="America/New_York" />
          <param name="triggerBuildWithPendingChangesOnly" value="true" />
        </parameters>
      </build-trigger>
    </build-triggers>
    <build-extensions>
      <extension id="BUILD_EXT_4" type="JetBrains.FileContentReplacer">
        <parameters>
          <param name="teamcity.file.content.replacer.file.encoding" value="autodetect" />
          <param name="teamcity.file.content.replacer.file.encoding.custom" value="autodetect" />
          <param name="teamcity.file.content.replacer.pattern" value="(^\s*\[\s*assembly\s*:\s*((System\s*\.)?\s*Reflection\s*\.)?\s*AssemblyVersion(Attribute)?\(&quot;)([0-9\*]+\.[0-9\*]+\.)([0-9\*]+\.[0-9\*]+)(&quot;\)\])$" />
          <param name="teamcity.file.content.replacer.pattern.case.sensitive" value="true" />
          <param name="teamcity.file.content.replacer.replacement" value="$1$5\%build.counter%$7" />
          <param name="teamcity.file.content.replacer.wildcards" value="**\Properties\AssemblyInfo.cs" />
        </parameters>
      </extension>
      <extension id="BUILD_EXT_5" type="JetBrains.FileContentReplacer">
        <parameters>
          <param name="teamcity.file.content.replacer.file.encoding" value="autodetect" />
          <param name="teamcity.file.content.replacer.file.encoding.custom" value="autodetect" />
          <param name="teamcity.file.content.replacer.pattern" value="(^\s*\[\s*assembly\s*:\s*((System\s*\.)?\s*Reflection\s*\.)?\s*AssemblyFileVersion(Attribute)?\(&quot;)([0-9\*]+\.[0-9\*]+\.)([0-9\*]+\.[0-9\*]+)(&quot;\)\])$" />
          <param name="teamcity.file.content.replacer.pattern.case.sensitive" value="true" />
          <param name="teamcity.file.content.replacer.replacement" value="$1$5\%build.counter%$7" />
          <param name="teamcity.file.content.replacer.wildcards" value="**\Properties\AssemblyInfo.cs" />
        </parameters>
      </extension>
      <extension id="BUILD_EXT_6" type="VcsLabeling">
        <parameters>
          <param name="branchFilter" value="+:%ReleaseBranchName%" />
          <param name="labelingPattern" value="build-%system.build.number%" />
          <param name="successfulOnly" value="true" />
          <param name="vcsRootId" value="__ALL__" />
        </parameters>
      </extension>
    </build-extensions>
    <cleanup />
  </settings>
</build-type>

