<?xml version="1.0" encoding="UTF-8"?>
<build-type xmlns:xsi="http://www.w3.org/2001/XMLSchema-instance" uuid="2e2a0aa6-9835-4d48-8ea5-b6c9c4222e95" xsi:noNamespaceSchemaLocation="http://www.jetbrains.com/teamcity/schemas/10.0/project-config.xsd">
  <name>Deploy to prod</name>
  <description />
  <settings ref="HeddokoBackend_DeployToOctopus">
    <parameters>
      <param name="BranchForDeploy" value="release" />
      <param name="ChannelForDeploy" value="Prod" />
      <param name="EnvironmentForDeploy" value="prod" />
      <param name="PackagesFolder" value="NuGetPackages.Prod" />
    </parameters>
    <build-runners order="RUNNER_6" />
    <vcs-settings />
    <requirements />
    <build-triggers />
    <cleanup />
  </settings>
</build-type>

