<?xml version="1.0" encoding="UTF-8"?>
<vcs-root xmlns:xsi="http://www.w3.org/2001/XMLSchema-instance" uuid="a1dd5edd-b21c-4d15-bfd6-20d5f9aa3350" type="jetbrains.git" xsi:noNamespaceSchemaLocation="http://www.jetbrains.com/teamcity/schemas/10.0/project-config.xsd">
  <name>https://gitlab.webinerds.com/heddoko/backend.git</name>
  <param name="agentCleanFilesPolicy" value="ALL_UNTRACKED" />
  <param name="agentCleanPolicy" value="ON_BRANCH_CHANGE" />
  <param name="authMethod" value="PASSWORD" />
  <param name="branch" value="dev" />
  <param name="ignoreKnownHosts" value="true" />
  <param name="secure:password" value="zxxb3372af08294b0bf599a754b8249f680" />
  <param name="submoduleCheckout" value="CHECKOUT" />
  <param name="url" value="https://gitlab.webinerds.com/heddoko/backend.git" />
  <param name="useAlternates" value="true" />
  <param name="username" value="n.matveyenko@webinerds.com" />
  <param name="usernameStyle" value="USERID" />
</vcs-root>

