<?xml version="1.0" encoding="UTF-8"?>
<project xmlns:xsi="http://www.w3.org/2001/XMLSchema-instance" uuid="2e049837-c7b5-4199-af7b-a28796e9c057" xsi:noNamespaceSchemaLocation="http://www.jetbrains.com/teamcity/schemas/10.0/project-config.xsd">
  <name>Heddoko-Backend</name>
  <parameters />
  <project-extensions>
    <extension id="PROJECT_EXT_1" type="OAuthProvider">
      <parameters>
        <param name="clientId" value="2d4813098f7611986217" />
        <param name="displayName" value="GitHub.com" />
        <param name="gitHubUrl" value="https://github.com/" />
        <param name="providerType" value="GitHub" />
        <param name="secure:clientSecret" value="zxx444629cb803c31c1e5d7aef2f29e0ba8df27fa9f6af1ed1105cc57e7c875a588b2ae7cc735638a3c775d03cbe80d301b" />
      </parameters>
    </extension>
  </project-extensions>
  <cleanup />
</project>

